CvzPNlnWXrzZfYGP	v0001.02_WeatherConnector	t	1	W0ooXbZiTXt7FWwh	CDM	2	d1f91cb3-e5f8-4e58-abd3-86ae7e7552f1	Y0Ygmqe59jevHoeV	2026-08-01 04:22:41.718+00	21
263acPaILiJmPW9m	v0001.04_WildfireConnector	t	1	W0ooXbZiTXt7FWwh	CDM	5	f090d4b7-4751-4a29-8297-bc8e59c01fb6	Y0Ygmqe59jevHoeV	2026-08-01 04:21:36.062+00	15
D1Dsa02M3LAmzRfy	v0001.05_FloodConditionsConnector	t	1	W0ooXbZiTXt7FWwh	CDM	4	35c4b7e1-4536-4a9f-af36-500c7c91a63e	Y0Ygmqe59jevHoeV	2026-08-01 04:21:33.638+00	21
0h9XYSxumCdZFYwh	v0001.07_GovernmentSafetyAlertsConnector	t	1	W0ooXbZiTXt7FWwh	CDM	4	e8b737e3-f8ad-4ff5-88fc-d98b04b5bc09	Y0Ygmqe59jevHoeV	2026-08-01 04:21:26.199+00	24
oGIspliDrKlssaNi	v0002.ALT_BOD-NTE_AirQualityTemperatureConnector	t	1	He0B0Qw9ylywWN74	ALT-BOD-NTE	3	ed2394cc-409c-4bbd-8869-2d06e4bafb4f	Y0Ygmqe59jevHoeV	2026-08-01 04:22:32.114+00	15
uzr6s5ckQi8BM61x	v0002.ALT_BOD-NTE_AirQualityTemperatureConnector	t	1	He0B0Qw9ylywWN74	ALT-BOD-NTE	7	6c6f688c-d876-4e3b-9d21-461e1ae1a9f1	Y0Ygmqe59jevHoeV	2026-08-01 04:22:00.563+00	15
kZ285gFxXk57zIeV	v0002.CDM_AirQualityTemperatureConnector	t	1	W0ooXbZiTXt7FWwh	CDM	19	3522ab0a-c80a-4a42-adee-2f7689faa386	Y0Ygmqe59jevHoeV	2026-08-01 04:21:23.761+00	14
RR7cLSV9oGngrJdA	v02.UWI_LANE01	t	1	LaS9Q6sil9yCDzrV	UWISSY	19	7192cded-72af-4f29-b73f-9496658655d0	Y0Ygmqe59jevHoeV	2026-08-19 05:19:58.67+00	32
fA0ZjWH3Itl83aPC	v02.UWI_LANE02	t	1	LaS9Q6sil9yCDzrV	UWISSY	8	b2ca5060-a499-4ca1-aad5-0460bd58d832	Y0Ygmqe59jevHoeV	2026-08-19 05:37:12.85+00	40
qlM2XIv2BbFSh3in	v02.UWI_LANE03	t	1	LaS9Q6sil9yCDzrV	UWISSY	5	9c78d9e0-3622-4f7c-9c83-12e67abc6392	Y0Ygmqe59jevHoeV	2026-08-19 05:43:53.231+00	48
w6xnelPQeRFZk8BG	v02.UWI_LANE04	t	1	LaS9Q6sil9yCDzrV	UWISSY	4	b93b194d-41aa-48cf-8f5b-01c13f9c9473	Y0Ygmqe59jevHoeV	2026-08-19 05:52:59.279+00	36
4RiNqOKD9BCZFH6P	v02.UWI_LANE05	t	1	LaS9Q6sil9yCDzrV	UWISSY	6	b975c971-f73b-4c02-808e-6acaae76140a	Y0Ygmqe59jevHoeV	2026-08-19 06:04:10.394+00	56
poGV37VLUGIUxfGK	v02.UWI_LANE06	t	1	LaS9Q6sil9yCDzrV	UWISSY	5	63cbd167-7602-4b88-a872-a9122542feaf	Y0Ygmqe59jevHoeV	2026-08-19 06:16:55.668+00	48
08g3JNwQPVSxUl2H	v02.UWI_LANE07	t	1	LaS9Q6sil9yCDzrV	UWISSY	5	f46394a3-bc05-475c-8e50-0d52cc3cecde	Y0Ygmqe59jevHoeV	2026-08-19 06:25:54.845+00	48
JfnIppFLuWQnD89A	TEMP_RUN2_AirQuality_FailureRetentionTest_1785358206461	f	1			19		Y0Ygmqe59jevHoeV	2026-07-29 20:51:21.113+00	14
09OlAaBpvHmlB4DF	v0.09.CANONICAL_AIRQUALITY.ATMO.json	f	0	t81hTQN6uDkRiUJQ	Atmon_Météo_France	1		Y0Ygmqe59jevHoeV	2026-07-20 04:51:19.05+00	9
pelOd6E0sdu5mygf	v0001.01_RouteConditionsConnector	f	0	W0ooXbZiTXt7FWwh	CDM	1		Y0Ygmqe59jevHoeV	2026-08-01 04:22:51.392+00	17
qQPYZ1eUdNsAwBNM	v0001.03_AirQualityConnector	f	0	W0ooXbZiTXt7FWwh	CDM	1		Y0Ygmqe59jevHoeV	2026-08-01 04:22:56.792+00	20
qWAlsffIyfEF8OL0	v0002.03_AirQualityConnector	f	0	W0ooXbZiTXt7FWwh	CDM	1		Y0Ygmqe59jevHoeV	2026-08-01 04:22:59.248+00	20
D2jq6dJuKQmmRVUp	v0003.03_AirQualityConnector	f	0	W0ooXbZiTXt7FWwh	CDM	1		Y0Ygmqe59jevHoeV	2026-08-01 04:23:01.611+00	20
i4QexQX1yXfqjRC1	v0004.03_AirQualityConnector	f	0	W0ooXbZiTXt7FWwh	CDM	1		Y0Ygmqe59jevHoeV	2026-08-01 04:23:03.558+00	20
6mtvJsEiGNOFEngG	v0005.03_AirQualityConnector	f	0	W0ooXbZiTXt7FWwh	CDM	1		Y0Ygmqe59jevHoeV	2026-08-01 04:23:06.026+00	20
BkZnr8GXZN44QOOP	v0006.01_RouteConditionsConnector	f	0	W0ooXbZiTXt7FWwh	CDM	1		Y0Ygmqe59jevHoeV	2026-08-01 04:23:16.556+00	19
zx4ksMf1gbiw2PY7	v0006.03_AirQualityConnector	f	0	W0ooXbZiTXt7FWwh	CDM	1		Y0Ygmqe59jevHoeV	2026-08-01 04:23:07.972+00	20
1f898nUrd8fdQNbb	v0007.01_RouteConditionsConnector	f	0	W0ooXbZiTXt7FWwh	CDM	10		Y0Ygmqe59jevHoeV	2026-08-01 04:22:54.245+00	19
B3K3UPZWDuRgdHQo	v0007.03_AirQualityConnector	f	1	W0ooXbZiTXt7FWwh	CDM	15		Y0Ygmqe59jevHoeV	2026-08-01 04:23:14.294+00	20
hCjyk3wSTSTC7N1Q	v0008.03_AirQualityConnector	f	2	W0ooXbZiTXt7FWwh	CDM	3		Y0Ygmqe59jevHoeV	2026-08-01 04:23:12.353+00	20
wi3x7NfHxpFYHBKx	v0009.03_AirQualityConnector	f	1	W0ooXbZiTXt7FWwh	CDM	3		Y0Ygmqe59jevHoeV	2026-08-01 04:23:09.99+00	20
r3boxdxGt60mx9sr	v0010.03_AirQualityConnector	f	1	W0ooXbZiTXt7FWwh	CDM	5		Y0Ygmqe59jevHoeV	2026-08-01 04:22:46.654+00	20
uwIssy08RouteFacilities	v01.UWI_LANE08	f	0	LaS9Q6sil9yCDzrV	UWISSY	1		Y0Ygmqe59jevHoeV	2026-08-04 00:20:49.903+00	24
gp8WlccGwLydNWG7	v01.UWI_LANE20	f	1	LaS9Q6sil9yCDzrV	UWISSY	5		Y0Ygmqe59jevHoeV	2026-08-03 17:27:10.556+00	36
KhbGg5gBn7Rbne68	v01.UWI_LANE30	f	1	LaS9Q6sil9yCDzrV	UWISSY	2		Y0Ygmqe59jevHoeV	2026-08-03 17:27:20.25+00	41
