08g3JNwQPVSxUl2H	3694	trigger	success	t	2026-08-19 07:00:06.033+00	2026-08-19 07:00:13.563+00
4RiNqOKD9BCZFH6P	3696	trigger	success	t	2026-08-19 07:00:12.035+00	2026-08-19 07:02:34.12+00
KhbGg5gBn7Rbne68						
RR7cLSV9oGngrJdA	3816	trigger	success	t	2026-08-20 02:30:59.024+00	2026-08-20 02:35:30.847+00
fA0ZjWH3Itl83aPC	3813	trigger	success	t	2026-08-20 02:00:46.034+00	2026-08-20 02:00:54.759+00
gp8WlccGwLydNWG7						
poGV37VLUGIUxfGK	3701	trigger	success	t	2026-08-19 07:00:52.108+00	2026-08-19 07:05:26.072+00
qlM2XIv2BbFSh3in	3814	trigger	success	t	2026-08-20 02:00:52.037+00	2026-08-20 02:01:00.333+00
uwIssy08RouteFacilities	3662	manual	success	t	2026-08-19 04:14:54.901+00	2026-08-19 04:14:56.953+00
w6xnelPQeRFZk8BG	3695	trigger	success	t	2026-08-19 07:00:09.02+00	2026-08-19 07:00:23.757+00
