lane	workflow_id	old_name	new_name	version	active_state	node_count	n8n_folder	canonical_local_json_path
01	RR7cLSV9oGngrJdA	v0001.01_RouteConditionsConnector	v01.UWI_LANE01	01	active	32	UWISSY	/Users/jkbrookspersonal/LocalSiteBuildFiles/BTF_UW-Issy_Route_Monitor/00_WORKFLOWS/v01.UWI_LANE01.json
02	fA0ZjWH3Itl83aPC	v0001.02_WeatherConnector	v01.UWI_LANE02	01	active	40	UWISSY	/Users/jkbrookspersonal/LocalSiteBuildFiles/BTF_UW-Issy_Route_Monitor/00_WORKFLOWS/v01.UWI_LANE02.json
03	qlM2XIv2BbFSh3in	v0001.03_AirQualityConnector	v01.UWI_LANE03	01	active	48	UWISSY	/Users/jkbrookspersonal/LocalSiteBuildFiles/BTF_UW-Issy_Route_Monitor/00_WORKFLOWS/v01.UWI_LANE03.json
04	w6xnelPQeRFZk8BG	v0001.04_WildfireConnector	v01.UWI_LANE04	01	active	36	UWISSY	/Users/jkbrookspersonal/LocalSiteBuildFiles/BTF_UW-Issy_Route_Monitor/00_WORKFLOWS/v01.UWI_LANE04.json
05	4RiNqOKD9BCZFH6P	v0001.05_FloodConditionsConnector	v01.UWI_LANE05	01	active	56	UWISSY	/Users/jkbrookspersonal/LocalSiteBuildFiles/BTF_UW-Issy_Route_Monitor/00_WORKFLOWS/v01.UWI_LANE05.json
06	poGV37VLUGIUxfGK	v0001.06_TrailInfrastructureStatusConnector	v01.UWI_LANE06	01	active	48	UWISSY	/Users/jkbrookspersonal/LocalSiteBuildFiles/BTF_UW-Issy_Route_Monitor/00_WORKFLOWS/v01.UWI_LANE06.json
07	08g3JNwQPVSxUl2H	v0001.07_GovernmentSafetyAlertsConnector	v01.UWI_LANE07	01	active	48	UWISSY	/Users/jkbrookspersonal/LocalSiteBuildFiles/BTF_UW-Issy_Route_Monitor/00_WORKFLOWS/v01.UWI_LANE07.json
08	uwIssy08RouteFacilities	v0001.08_RouteFacilitiesConnector	v01.UWI_LANE08	01	inactive	24	UWISSY	/Users/jkbrookspersonal/LocalSiteBuildFiles/BTF_UW-Issy_Route_Monitor/00_WORKFLOWS/v01.UWI_LANE08.json
20	gp8WlccGwLydNWG7	v0001.20_StatusPublisherConnector	v01.UWI_LANE20	01	inactive	36	UWISSY	/Users/jkbrookspersonal/LocalSiteBuildFiles/BTF_UW-Issy_Route_Monitor/00_WORKFLOWS/v01.UWI_LANE20.json
30	KhbGg5gBn7Rbne68	v0001.30_AlertMonitorConnector	v01.UWI_LANE30	01	inactive	41	UWISSY	/Users/jkbrookspersonal/LocalSiteBuildFiles/BTF_UW-Issy_Route_Monitor/00_WORKFLOWS/v01.UWI_LANE30.json
