lane	id	old_name	target_name	pre_export_path	pre_export_sha256
01	RR7cLSV9oGngrJdA	v0001.01_RouteConditionsConnector	v01.UWI_LANE01	00_AS-BUILT/20260818-UWISSY_WORKFLOW_RENAME/proof/pre_exports_clean/01_RR7cLSV9oGngrJdA.json	8f8aad90174aeede60b667f229cba8e39983c276c9a6ecb23be9053c82340d89
02	fA0ZjWH3Itl83aPC	v0001.02_WeatherConnector	v01.UWI_LANE02	00_AS-BUILT/20260818-UWISSY_WORKFLOW_RENAME/proof/pre_exports_clean/02_fA0ZjWH3Itl83aPC.json	f347f9143ff1ab9f7e48c07dee8a2fd803457fd80fff09511d0b4ad02ff21596
03	qlM2XIv2BbFSh3in	v0001.03_AirQualityConnector	v01.UWI_LANE03	00_AS-BUILT/20260818-UWISSY_WORKFLOW_RENAME/proof/pre_exports_clean/03_qlM2XIv2BbFSh3in.json	fadc8d2cf029d58a59e14bf011a9afd81ef3f2c2aa153e662a3f98cb7d00013f
04	w6xnelPQeRFZk8BG	v0001.04_WildfireConnector	v01.UWI_LANE04	00_AS-BUILT/20260818-UWISSY_WORKFLOW_RENAME/proof/pre_exports_clean/04_w6xnelPQeRFZk8BG.json	53caa9223d9d455d1f6add0fef29cd97047d4fb0b9ffa2080167e36bf46947d6
05	4RiNqOKD9BCZFH6P	v0001.05_FloodConditionsConnector	v01.UWI_LANE05	00_AS-BUILT/20260818-UWISSY_WORKFLOW_RENAME/proof/pre_exports_clean/05_4RiNqOKD9BCZFH6P.json	942dabdcf198a0c9f1955b3f4d9976a5a7e51fe59a39369fec2c3d004869b200
06	poGV37VLUGIUxfGK	v0001.06_TrailInfrastructureStatusConnector	v01.UWI_LANE06	00_AS-BUILT/20260818-UWISSY_WORKFLOW_RENAME/proof/pre_exports_clean/06_poGV37VLUGIUxfGK.json	8c69dfb19e6546cfaa33f5d787bb4e67209156e63c046c46969150af661cffc6
07	08g3JNwQPVSxUl2H	v0001.07_GovernmentSafetyAlertsConnector	v01.UWI_LANE07	00_AS-BUILT/20260818-UWISSY_WORKFLOW_RENAME/proof/pre_exports_clean/07_08g3JNwQPVSxUl2H.json	1b24dad1dac2e6f78173a3d2bdaa3c7f552b40427624e7e45cf8bb3bae413201
08	uwIssy08RouteFacilities	v0001.08_RouteFacilitiesConnector	v01.UWI_LANE08	00_AS-BUILT/20260818-UWISSY_WORKFLOW_RENAME/proof/pre_exports_clean/08_uwIssy08RouteFacilities.json	b1e7bf1fac374437fcfd13e120d91d60066be5948b0989e63e7b4b00e0ca3414
20	gp8WlccGwLydNWG7	v0001.20_StatusPublisherConnector	v01.UWI_LANE20	00_AS-BUILT/20260818-UWISSY_WORKFLOW_RENAME/proof/pre_exports_clean/20_gp8WlccGwLydNWG7.json	42deaebb1bb12942ae587b5fcd0258c3c82247d36c165d3cd5ae9dd28b86ad25
30	KhbGg5gBn7Rbne68	v0001.30_AlertMonitorConnector	v01.UWI_LANE30	00_AS-BUILT/20260818-UWISSY_WORKFLOW_RENAME/proof/pre_exports_clean/30_KhbGg5gBn7Rbne68.json	47efd59246145f9ab7579f6cd38d2ea1b2ecf75d9352ca6aa0c4dbfef466a14b
