RR7cLSV9oGngrJdA	00_WORKFLOWS/v03.UWI_LANE01.json
fA0ZjWH3Itl83aPC	00_WORKFLOWS/v02.UWI_LANE02.json
qlM2XIv2BbFSh3in	00_WORKFLOWS/v02.UWI_LANE03.json
w6xnelPQeRFZk8BG	00_WORKFLOWS/v02.UWI_LANE04.json
4RiNqOKD9BCZFH6P	00_WORKFLOWS/v02.UWI_LANE05.json
poGV37VLUGIUxfGK	00_WORKFLOWS/v02.UWI_LANE06.json
08g3JNwQPVSxUl2H	00_WORKFLOWS/v02.UWI_LANE07.json
uwIssy08RouteFacilities	00_WORKFLOWS/v01.UWI_LANE08.json
gp8WlccGwLydNWG7	00_WORKFLOWS/v03.UWI_LANE20.json
KhbGg5gBn7Rbne68	00_WORKFLOWS/v03.UWI_LANE30.json
